id,name,model_id:id,group_id:id,perm_read,perm_write,perm_create,perm_unlink
access_vagirest_production_record,Production Operator - Production Record,model_vagirest_production_record,vagirest_production_record.group_vagirest_production_operator,1,1,1,0
access_vagirest_production_record_line,Production Operator - Production Line,model_vagirest_production_record_line,vagirest_production_record.group_vagirest_production_operator,1,1,1,0
access_vagirest_production_record_qc_read,QC Manager - Production Record Read,model_vagirest_production_record,vagirest_production_record.group_vagirest_qc_manager,1,0,0,0
access_vagirest_production_record_line_qc_read,QC Manager - Production Line Read,model_vagirest_production_record_line,vagirest_production_record.group_vagirest_qc_manager,1,0,0,0
access_vagirest_qc_record,QC Manager - QC Record,model_vagirest_qc_record,vagirest_production_record.group_vagirest_qc_manager,1,1,0,0
access_vagirest_qc_record_line,QC Manager - QC Line,model_vagirest_qc_record_line,vagirest_production_record.group_vagirest_qc_manager,1,1,0,0
access_vagirest_production_record_manager,ERP Manager - Production Record,model_vagirest_production_record,vagirest_production_record.group_vagirest_erp_manager,1,1,1,1
access_vagirest_production_record_line_manager,ERP Manager - Production Line,model_vagirest_production_record_line,vagirest_production_record.group_vagirest_erp_manager,1,1,1,1
access_vagirest_qc_record_manager,ERP Manager - QC Record,model_vagirest_qc_record,vagirest_production_record.group_vagirest_erp_manager,1,1,1,1
access_vagirest_qc_record_line_manager,ERP Manager - QC Line,model_vagirest_qc_record_line,vagirest_production_record.group_vagirest_erp_manager,1,1,1,1
access_vagirest_inventory_viewer_picking,VAGIREST Inventory Viewer - Transfers,stock.model_stock_picking,vagirest_production_record.group_vagirest_inventory_viewer,1,0,0,0
access_vagirest_inventory_viewer_move,VAGIREST Inventory Viewer - Moves,stock.model_stock_move,vagirest_production_record.group_vagirest_inventory_viewer,1,0,0,0
access_vagirest_inventory_viewer_move_line,VAGIREST Inventory Viewer - Move Lines,stock.model_stock_move_line,vagirest_production_record.group_vagirest_inventory_viewer,1,0,0,0
access_vagirest_inventory_viewer_quant,VAGIREST Inventory Viewer - Stock Quantities,stock.model_stock_quant,vagirest_production_record.group_vagirest_inventory_viewer,1,0,0,0
access_vagirest_inventory_viewer_lot,VAGIREST Inventory Viewer - Lots,stock.model_stock_lot,vagirest_production_record.group_vagirest_inventory_viewer,1,0,0,0
access_vagirest_rework_record_operator,Production Operator - Rework Record,model_vagirest_rework_record,vagirest_production_record.group_vagirest_production_operator,1,1,0,0
access_vagirest_rework_qc_record_operator,Production Operator - Rework QC Read,model_vagirest_rework_qc_record,vagirest_production_record.group_vagirest_production_operator,1,0,0,0
access_vagirest_rework_record_qc_read,QC Manager - Rework Record Read,model_vagirest_rework_record,vagirest_production_record.group_vagirest_qc_manager,1,0,0,0
access_vagirest_rework_qc_record_qc,QC Manager - Rework QC Record,model_vagirest_rework_qc_record,vagirest_production_record.group_vagirest_qc_manager,1,1,0,0
access_vagirest_rework_record_manager,ERP Manager - Rework Record,model_vagirest_rework_record,vagirest_production_record.group_vagirest_erp_manager,1,1,1,1
access_vagirest_rework_qc_record_manager,ERP Manager - Rework QC Record,model_vagirest_rework_qc_record,vagirest_production_record.group_vagirest_erp_manager,1,1,1,1
access_vagirest_production_legacy_correction,vagirest.production.legacy.correction,model_vagirest_production_legacy_correction,vagirest_production_record.group_vagirest_production_operator,1,0,0,0
access_vagirest_production_legacy_correction_line,vagirest.production.legacy.correction.line,model_vagirest_production_legacy_correction_line,vagirest_production_record.group_vagirest_production_operator,1,0,0,0
access_vagirest_qc_legacy_correction,vagirest.qc.legacy.correction,model_vagirest_qc_legacy_correction,vagirest_production_record.group_vagirest_qc_manager,1,0,0,0
access_vagirest_qc_legacy_correction_line,vagirest.qc.legacy.correction.line,model_vagirest_qc_legacy_correction_line,vagirest_production_record.group_vagirest_qc_manager,1,0,0,0
access_prod_corr_req_operator,Production Correction Request Operator,model_vagirest_production_correction_request,vagirest_production_record.group_vagirest_production_operator,1,1,1,0
access_prod_corr_req_qc,Production Correction Request QC,model_vagirest_production_correction_request,vagirest_production_record.group_vagirest_qc_manager,1,1,0,0
access_prod_corr_req_manager,Production Correction Request Manager,model_vagirest_production_correction_request,vagirest_production_record.group_vagirest_erp_manager,1,1,1,0
access_prod_legacy_corr_manager,Production Legacy Correction Manager,model_vagirest_production_legacy_correction,vagirest_production_record.group_vagirest_erp_manager,1,1,1,0
access_prod_legacy_corr_line_manager,Production Legacy Correction Line Manager,model_vagirest_production_legacy_correction_line,vagirest_production_record.group_vagirest_erp_manager,1,1,1,0
access_qc_corr_req_qc,QC Correction Request QC,model_vagirest_qc_correction_request,vagirest_production_record.group_vagirest_qc_manager,1,1,1,0
access_qc_corr_req_manager,QC Correction Request Manager,model_vagirest_qc_correction_request,vagirest_production_record.group_vagirest_erp_manager,1,1,1,0
access_qc_legacy_corr_manager,QC Legacy Correction Manager,model_vagirest_qc_legacy_correction,vagirest_production_record.group_vagirest_erp_manager,1,1,1,0
access_qc_legacy_corr_line_manager,QC Legacy Correction Line Manager,model_vagirest_qc_legacy_correction_line,vagirest_production_record.group_vagirest_erp_manager,1,1,1,0
access_rework_corr_req_operator,Rework Correction Request Operator,model_vagirest_rework_correction_request,vagirest_production_record.group_vagirest_production_operator,1,1,1,0
access_rework_corr_req_qc,Rework Correction Request QC,model_vagirest_rework_correction_request,vagirest_production_record.group_vagirest_qc_manager,1,1,0,0
access_rework_corr_req_erp,Rework Correction Request ERP,model_vagirest_rework_correction_request,vagirest_production_record.group_vagirest_erp_manager,1,1,1,0
access_rework_qc_corr_req_qc,Rework QC Correction Request QC,model_vagirest_rework_qc_correction_request,vagirest_production_record.group_vagirest_qc_manager,1,1,1,0
access_rework_qc_corr_req_erp,Rework QC Correction Request ERP,model_vagirest_rework_qc_correction_request,vagirest_production_record.group_vagirest_erp_manager,1,1,1,0
